Price,Close
Ticker,LT.NS
Date,
2018-01-01,1118.449462890625
2018-01-02,1108.735107421875
2018-01-03,1131.4022216796875
2018-01-04,1167.2435302734375
2018-01-05,1166.533935546875
2018-01-08,1187.2491455078125
2018-01-09,1182.369873046875
2018-01-10,1174.38525390625
2018-01-11,1174.2080078125
2018-01-12,1179.1759033203125
2018-01-15,1176.3372802734375
2018-01-16,1176.558837890625
2018-01-17,1200.6455078125
2018-01-18,1207.254638671875
2018-01-19,1216.7030029296875
2018-01-22,1241.01123046875
2018-01-23,1251.5242919921875
2018-01-24,1243.09619140625
2018-01-25,1256.6697998046875
2018-01-29,1270.3765869140625
2018-01-30,1268.557861328125
2018-01-31,1256.6697998046875
2018-02-01,1291.35791015625
2018-02-02,1255.73828125
2018-02-05,1209.7833251953125
2018-02-06,1200.3792724609375
2018-02-07,1183.2569580078125
2018-02-08,1195.3668212890625
2018-02-09,1179.264892578125
2018-02-12,1198.1171875
2018-02-14,1207.6097412109375
2018-02-15,1197.9840087890625
2018-02-16,1178.510498046875
2018-02-19,1149.3228759765625
2018-02-20,1144.9757080078125
2018-02-21,1138.055908203125
2018-02-22,1146.2178955078125
2018-02-23,1154.8232421875
2018-02-26,1192.5721435546875
2018-02-27,1187.115966796875
2018-02-28,1169.4173583984375
2018-03-01,1166.7999267578125
2018-03-05,1153.93603515625
2018-03-06,1138.5882568359375
2018-03-07,1120.7562255859375
2018-03-08,1138.94287109375
2018-03-09,1144.886962890625
2018-03-12,1162.2313232421875
2018-03-13,1155.7547607421875
2018-03-14,1156.1983642578125
2018-03-15,1148.968017578125
2018-03-16,1126.0791015625
2018-03-19,1135.1727294921875
2018-03-20,1147.5487060546875
2018-03-21,1161.6102294921875
2018-03-22,1149.9884033203125
2018-03-23,1124.8372802734375
2018-03-26,1151.0084228515625
2018-03-27,1160.0130615234375
2018-03-28,1162.9852294921875
2018-04-02,1185.2088623046875
2018-04-03,1180.284912109375
2018-04-04,1149.8995361328125
2018-04-05,1178.8653564453125
2018-04-06,1167.997802734375
2018-04-09,1178.0670166015625
2018-04-10,1197.584716796875
2018-04-11,1200.1131591796875
2018-04-12,1204.2828369140625
2018-04-13,1201.9761962890625
2018-04-16,1213.731201171875
2018-04-17,1206.14599609375
2018-04-18,1206.6336669921875
2018-04-19,1228.7242431640625
2018-04-20,1211.0252685546875
2018-04-23,1206.5450439453125
2018-04-24,1222.5140380859375
2018-04-25,1209.117919921875
2018-04-26,1195.1893310546875
2018-04-27,1222.2923583984375
2018-04-30,1242.8302001953125
2018-05-02,1244.8262939453125
2018-05-03,1222.2923583984375
2018-05-04,1214.263427734375
2018-05-07,1232.4058837890625
2018-05-08,1210.892333984375
2018-05-09,1220.42919921875
2018-05-10,1208.4967041015625
2018-05-11,1230.853515625
2018-05-14,1225.8409423828125
2018-05-15,1219.1427001953125
2018-05-16,1208.6300048828125
2018-05-17,1202.9517822265625
2018-05-18,1167.1104736328125
2018-05-21,1165.0701904296875
2018-05-22,1171.1915283203125
2018-05-23,1177.1798095703125
2018-05-24,1187.0718994140625
2018-05-25,1190.5760498046875
2018-05-28,1221.138671875
2018-05-29,1224.820556640625
2018-05-30,1211.5576171875
2018-05-31,1215.7716064453125
2018-06-01,1217.546142578125
2018-06-04,1204.6376953125
2018-06-05,1183.2569580078125
2018-06-06,1198.1614990234375
2018-06-07,1202.2423095703125
2018-06-08,1192.3060302734375
2018-06-11,1191.68505859375
2018-06-12,1212.2227783203125
2018-06-13,1205.4361572265625
2018-06-14,1191.4635009765625
2018-06-15,1179.84130859375
2018-06-18,1173.8973388671875
2018-06-19,1162.541748046875
2018-06-20,1159.3033447265625
2018-06-21,1144.2659912109375
2018-06-22,1153.1820068359375
2018-06-25,1125.058837890625
2018-06-26,1126.74462890625
2018-06-27,1093.6531982421875
2018-06-28,1095.60498046875
2018-06-29,1131.224609375
2018-07-02,1114.235595703125
2018-07-03,1110.287841796875
2018-07-04,1117.385009765625
2018-07-05,1112.9046630859375
2018-07-06,1123.417724609375
2018-07-09,1142.6690673828125
2018-07-10,1139.65283203125
2018-07-11,1130.914306640625
2018-07-12,1153.0933837890625
2018-07-13,1151.8956298828125
2018-07-16,1138.3218994140625
2018-07-17,1141.64892578125
2018-07-18,1146.3509521484375
2018-07-19,1116.1429443359375
2018-07-20,1127.0106201171875
2018-07-23,1134.817626953125
2018-07-24,1174.607177734375
2018-07-25,1171.6793212890625
2018-07-26,1158.5938720703125
2018-07-27,1163.4732666015625
2018-07-30,1149.189697265625
2018-07-31,1155.355712890625
2018-08-01,1151.5406494140625
2018-08-02,1137.7010498046875
2018-08-03,1144.4434814453125
2018-08-06,1144.8427734375
2018-08-07,1149.1456298828125
2018-08-08,1151.762451171875
2018-08-09,1139.7415771484375
2018-08-10,1121.953857421875
2018-08-13,1125.857421875
2018-08-14,1126.0369873046875
2018-08-16,1106.629638671875
2018-08-17,1114.266845703125
2018-08-20,1189.3358154296875
2018-08-21,1188.302734375
2018-08-23,1214.8082275390625
2018-08-24,1206.5870361328125
2018-08-27,1218.447265625
2018-08-28,1217.9976806640625
2018-08-29,1214.3590087890625
2018-08-30,1209.8665771484375
2018-08-31,1230.5318603515625
2018-09-03,1224.646728515625
2018-09-04,1221.3223876953125
2018-09-05,1211.1693115234375
2018-09-06,1210.360595703125
2018-09-07,1210.719970703125
2018-09-10,1201.1063232421875
2018-09-11,1194.681884765625
2018-09-12,1214.9879150390625
2018-09-14,1220.91796875
2018-09-17,1208.2493896484375
2018-09-18,1193.1094970703125
2018-09-19,1197.6021728515625
2018-09-21,1194.7269287109375
2018-09-24,1184.5289306640625
2018-09-25,1185.1580810546875
2018-09-26,1197.37744140625
2018-09-27,1176.936767578125
2018-09-28,1142.9736328125
2018-10-01,1121.409912109375
2018-10-03,1119.0289306640625
2018-10-04,1130.215087890625
2018-10-05,1102.8109130859375
2018-10-08,1091.984130859375
2018-10-09,1097.1055908203125
2018-10-10,1123.701171875
2018-10-11,1101.41845703125
2018-10-12,1109.8641357421875
2018-10-15,1092.9276123046875
2018-10-16,1100.340087890625
2018-10-17,1088.884521484375
2018-10-19,1083.6280517578125
2018-10-22,1084.1221923828125
2018-10-23,1078.8212890625
2018-10-24,1095.1739501953125
2018-10-25,1079.5850830078125
2018-10-26,1075.901123046875
2018-10-29,1133.2701416015625
2018-10-30,1142.2099609375
2018-10-31,1165.79541015625
2018-11-01,1192.0765380859375
2018-11-02,1220.333984375
2018-11-05,1213.10107421875
2018-11-06,1225.4102783203125
2018-11-07,1227.2972412109375
2018-11-09,1229.6783447265625
2018-11-12,1228.42041015625
2018-11-13,1249.894287109375
2018-11-14,1244.14404296875
2018-11-15,1256.543212890625
2018-11-16,1257.0374755859375
2018-11-19,1273.344970703125
2018-11-20,1269.661376953125
2018-11-21,1259.77783203125
2018-11-22,1267.0106201171875
2018-11-26,1277.657958984375
2018-11-27,1286.283447265625
2018-11-28,1260.94580078125
2018-11-29,1278.062255859375
2018-11-30,1287.0919189453125
2018-12-03,1282.5994873046875
2018-12-04,1275.77099609375
2018-12-05,1253.2188720703125
2018-12-06,1239.4718017578125
2018-12-07,1257.8011474609375
2018-12-10,1228.91455078125
2018-12-11,1223.209228515625
2018-12-12,1258.160400390625
2018-12-13,1281.6558837890625
2018-12-14,1268.1337890625
2018-12-17,1265.0789794921875
2018-12-18,1283.498046875
2018-12-19,1289.1136474609375
2018-12-20,1303.5347900390625
2018-12-21,1275.861083984375
2018-12-24,1262.2039794921875
2018-12-26,1278.241943359375
2018-12-27,1280.3983154296875
2018-12-28,1293.2916259765625
2018-12-31,1291.629638671875
2019-01-01,1295.5379638671875
2019-01-02,1280.8026123046875
2019-01-03,1253.398681640625
2019-01-04,1247.154052734375
2019-01-07,1243.335693359375
2019-01-08,1241.897705078125
2019-01-09,1245.357177734375
2019-01-10,1251.2421875
2019-01-11,1230.57666015625
2019-01-14,1198.5006103515625
2019-01-15,1204.7899169921875
2019-01-16,1205.913330078125
2019-01-17,1209.41748046875
2019-01-18,1184.124755859375
2019-01-21,1181.1148681640625
2019-01-22,1169.0748291015625
2019-01-23,1169.344482421875
2019-01-24,1163.863525390625
2019-01-25,1154.9686279296875
2019-01-28,1168.446044921875
2019-01-29,1148.3197021484375
2019-01-30,1163.0550537109375
2019-01-31,1180.8902587890625
2019-02-01,1190.14453125
2019-02-04,1174.6904296875
2019-02-05,1172.1746826171875
2019-02-06,1180.9801025390625
2019-02-07,1164.4927978515625
2019-02-08,1133.6744384765625
2019-02-11,1119.9722900390625
2019-02-12,1120.2867431640625
2019-02-14,1102.9906005859375
2019-02-15,1116.9173583984375
2019-02-18,1118.17529296875
2019-02-19,1130.574462890625
2019-02-20,1146.9720458984375
2019-02-21,1153.755615234375
2019-02-22,1150.3861083984375
2019-02-25,1146.3431396484375
2019-02-26,1137.358154296875
2019-02-27,1154.2947998046875
2019-02-28,1161.7071533203125
2019-03-01,1175.7237548828125
2019-03-05,1173.2529296875
2019-03-06,1183.3160400390625
2019-03-07,1215.122802734375
2019-03-08,1203.4422607421875
2019-03-11,1209.8665771484375
2019-03-12,1247.917724609375
2019-03-13,1238.663330078125
2019-03-14,1239.6964111328125
2019-03-15,1254.7462158203125
2019-03-18,1238.932861328125
2019-03-19,1220.1094970703125
2019-03-20,1231.744873046875
2019-03-22,1253.12890625
2019-03-25,1237.0010986328125
2019-03-26,1233.451904296875
2019-03-27,1227.7464599609375
2019-03-28,1245.94091796875
2019-04-01,1268.8526611328125
2019-04-02,1266.6512451171875
2019-04-03,1238.1690673828125
2019-04-04,1229.76806640625
2019-04-05,1234.3505859375
2019-04-08,1234.2156982421875
2019-04-09,1235.608154296875
2019-04-10,1232.3289794921875
2019-04-11,1238.1240234375
2019-04-12,1222.760009765625
2019-04-15,1219.166015625
2019-04-16,1241.1790771484375
2019-04-18,1222.5802001953125
2019-04-22,1222.0860595703125
2019-04-23,1211.3489990234375
2019-04-24,1222.53515625
2019-04-25,1217.593505859375
2019-04-26,1220.333984375
2019-04-30,1211.66357421875
2019-05-02,1220.8282470703125
2019-05-03,1225.185791015625
2019-05-06,1215.39208984375
2019-05-07,1227.88134765625
2019-05-08,1222.265869140625
2019-05-09,1218.7615966796875
2019-05-10,1217.9080810546875
2019-05-13,1183.900146484375
2019-05-14,1205.5987548828125
2019-05-15,1191.222900390625
2019-05-16,1201.420654296875
2019-05-17,1223.6583251953125
2019-05-20,1304.1185302734375
2019-05-21,1302.0069580078125
2019-05-22,1312.788818359375
2019-05-23,1326.2662353515625
2019-05-24,1387.408935546875
2019-05-27,1433.9957275390625
2019-05-28,1414.6783447265625
2019-05-29,1394.8663330078125
2019-05-30,1400.3922119140625
2019-05-31,1399.44873046875
2019-06-03,1401.1109619140625
2019-06-04,1410.4552001953125
2019-06-06,1362.026611328125
2019-06-07,1360.1845703125
2019-06-10,1376.5819091796875
2019-06-11,1369.57373046875
2019-06-12,1356.0513916015625
2019-06-13,1363.5089111328125
2019-06-14,1371.370849609375
2019-06-17,1346.6173095703125
2019-06-18,1352.50244140625
2019-06-19,1352.36767578125
2019-06-20,1399.04443359375
2019-06-21,1383.4556884765625
2019-06-24,1384.5787353515625
2019-06-25,1379.1875
2019-06-26,1393.7430419921875
2019-06-27,1393.4736328125
2019-06-28,1395.5401611328125
2019-07-01,1398.6400146484375
2019-07-02,1405.109130859375
2019-07-03,1417.8680419921875
2019-07-04,1412.162353515625
2019-07-05,1400.16748046875
2019-07-08,1339.06982421875
2019-07-09,1371.640380859375
2019-07-10,1347.3363037109375
2019-07-11,1343.4276123046875
2019-07-12,1317.9554443359375
2019-07-15,1294.3697509765625
2019-07-16,1312.8787841796875
2019-07-17,1307.7125244140625
2019-07-18,1289.51806640625
2019-07-19,1268.2686767578125
2019-07-22,1261.2154541015625
2019-07-23,1266.4267578125
2019-07-24,1262.649658203125
2019-07-25,1249.043701171875
2019-07-26,1267.018310546875
2019-07-29,1248.2242431640625
2019-07-30,1252.638427734375
2019-07-31,1262.604248046875
2019-08-01,1235.9833984375
2019-08-02,1247.0865478515625
2019-08-05,1224.8343505859375
2019-08-06,1253.68505859375
2019-08-07,1237.8037109375
2019-08-08,1238.3494873046875
2019-08-09,1241.9444580078125
2019-08-13,1195.2100830078125
2019-08-14,1213.8218994140625
2019-08-16,1215.2327880859375
2019-08-19,1230.6590576171875
2019-08-20,1221.8309326171875
2019-08-21,1192.84375
2019-08-22,1177.9178466796875
2019-08-23,1170.864501953125
2019-08-26,1213.7764892578125
2019-08-27,1234.982177734375
2019-08-28,1223.787841796875
2019-08-29,1221.78564453125
2019-08-30,1208.86181640625
2019-09-03,1178.0545654296875
2019-09-04,1190.4776611328125
2019-09-05,1201.62646484375
2019-09-06,1209.2259521484375
2019-09-09,1235.027587890625
2019-09-11,1241.079833984375
2019-09-12,1239.942138671875
2019-09-13,1240.8980712890625
2019-09-16,1222.83203125
2019-09-17,1195.6197509765625
2019-09-18,1199.5330810546875
2019-09-19,1183.7879638671875
2019-09-20,1284.6287841796875
2019-09-23,1391.112548828125
2019-09-24,1348.1552734375
2019-09-25,1319.7593994140625
2019-09-26,1355.9365234375
2019-09-27,1340.2825927734375
2019-09-30,1341.73876953125
2019-10-01,1332.45556640625
2019-10-03,1326.994873046875
2019-10-04,1296.824462890625
2019-10-07,1272.205810546875
2019-10-09,1298.0533447265625
2019-10-10,1297.0064697265625
2019-10-11,1299.372802734375
2019-10-14,1295.9600830078125
2019-10-15,1303.513916015625
2019-10-16,1296.1873779296875
2019-10-17,1296.323974609375
2019-10-18,1317.666259765625
2019-10-22,1312.88818359375
2019-10-23,1303.1044921875
2019-10-24,1303.513916015625
2019-10-25,1296.9154052734375
2019-10-27,1305.470703125
2019-10-29,1329.770751953125
2019-10-30,1341.73876953125
2019-10-31,1340.646728515625
2019-11-01,1319.1224365234375
2019-11-04,1321.6707763671875
2019-11-05,1310.385498046875
2019-11-06,1322.4443359375
2019-11-07,1306.0625
2019-11-08,1295.0953369140625
2019-11-11,1289.6346435546875
2019-11-13,1267.7918701171875
2019-11-14,1256.3697509765625
2019-11-15,1253.8216552734375
2019-11-18,1241.853515625
2019-11-19,1242.9910888671875
2019-11-20,1256.6884765625
2019-11-21,1267.5186767578125
2019-11-22,1254.731689453125
2019-11-25,1256.73388671875
2019-11-26,1240.48828125
2019-11-27,1215.460205078125
2019-11-28,1228.565673828125
2019-11-29,1210.955078125
2019-12-02,1213.50341796875
2019-12-03,1195.1646728515625
2019-12-04,1169.59033203125
2019-12-05,1185.1533203125
2019-12-06,1174.7781982421875
2019-12-09,1161.30810546875
2019-12-10,1164.03857421875
2019-12-11,1150.6600341796875
2019-12-12,1164.6756591796875
2019-12-13,1187.974853515625
2019-12-16,1185.88134765625
2019-12-17,1199.4876708984375
2019-12-18,1200.7618408203125
2019-12-19,1193.844970703125
2019-12-20,1193.6629638671875
2019-12-23,1193.389892578125
2019-12-24,1184.0611572265625
2019-12-26,1164.3116455078125
2019-12-27,1182.7869873046875
2019-12-30,1185.24462890625
2019-12-31,1181.512939453125
2020-01-01,1192.2066650390625
2020-01-02,1224.37939453125
2020-01-03,1215.0506591796875
2020-01-06,1198.3956298828125
2020-01-07,1201.808349609375
2020-01-08,1175.460693359375
2020-01-09,1197.849365234375
2020-01-10,1205.5399169921875
2020-01-13,1214.7320556640625
2020-01-14,1206.905029296875
2020-01-15,1204.629638671875
2020-01-16,1200.71630859375
2020-01-17,1186.973388671875
2020-01-20,1191.8880615234375
2020-01-21,1185.289794921875
2020-01-22,1177.872314453125
2020-01-23,1212.5477294921875
2020-01-24,1237.030029296875
2020-01-27,1227.3826904296875
2020-01-28,1225.60791015625
2020-01-29,1242.9456787109375
2020-01-30,1247.041259765625
2020-01-31,1246.2222900390625
2020-02-03,1171.0010986328125
2020-02-04,1175.642578125
2020-02-05,1192.2977294921875
2020-02-06,1199.1690673828125
2020-02-07,1182.2410888671875
2020-02-10,1169.7723388671875
2020-02-11,1171.2283935546875
2020-02-12,1180.6939697265625
2020-02-13,1176.09765625
2020-02-14,1178.7369384765625
2020-02-17,1165.130615234375
2020-02-18,1170.727783203125
2020-02-19,1166.2230224609375
2020-02-20,1165.4947509765625
2020-02-24,1146.4732666015625
2020-02-25,1130.4100341796875
2020-02-26,1102.2874755859375
2020-02-27,1101.5592041015625
2020-02-28,1080.8084716796875
2020-03-02,1056.5540771484375
2020-03-03,1075.1202392578125
2020-03-04,1070.8883056640625
2020-03-05,1076.1668701171875
2020-03-06,1054.733642578125
2020-03-09,1002.9026489257812
2020-03-11,1016.5541381835938
2020-03-12,925.1786499023438
2020-03-13,956.941650390625
2020-03-16,881.6295776367188
2020-03-17,870.753662109375
2020-03-18,823.24560546875
2020-03-19,767.3189697265625
2020-03-20,786.9774780273438
2020-03-23,658.9696044921875
2020-03-24,653.2941284179688
2020-03-25,706.6817016601562
2020-03-26,773.3583984375
2020-03-27,772.4816284179688
2020-03-30,737.0438232421875
2020-03-31,746.1339721679688
2020-04-01,714.6181640625
2020-04-03,714.8950805664062
2020-04-07,739.8124389648438
2020-04-08,744.8419799804688
2020-04-09,750.1022338867188
2020-04-13,798.6909790039062
2020-04-15,812.2570190429688
2020-04-16,841.3272705078125
2020-04-17,860.93798828125
2020-04-20,844.9724731445312
2020-04-21,803.2130126953125
2020-04-22,786.8321533203125
2020-04-23,775.7578125
2020-04-24,785.540283203125
2020-04-27,789.2777709960938
2020-04-28,791.0313110351562
2020-04-29,807.8273315429688
2020-04-30,828.3148193359375
2020-05-04,785.0326538085938
2020-05-05,772.34326171875
2020-05-06,772.71240234375
2020-05-07,759.3770141601562
2020-05-08,753.0093383789062
2020-05-11,758.223388671875
2020-05-12,751.947998046875
2020-05-13,796.3377685546875
2020-05-14,804.4127197265625
2020-05-15,797.7220458984375
2020-05-18,750.60986328125
2020-05-19,734.921142578125
2020-05-20,770.5897827148438
2020-05-21,757.2083129882812
2020-05-22,752.7786254882812
2020-05-26,761.8687133789062
2020-05-27,785.2171630859375
2020-05-28,835.651611328125
2020-05-29,860.3381958007812
2020-06-01,856.554443359375
2020-06-02,872.5199584960938
2020-06-03,887.1473388671875
2020-06-04,858.90771484375
2020-06-05,881.56396484375
2020-06-08,887.1934204101562
2020-06-09,879.764404296875
2020-06-10,873.53515625
2020-06-11,858.6770629882812
2020-06-12,854.939453125
2020-06-15,830.4835815429688
2020-06-16,826.0076293945312
2020-06-17,816.5484008789062
2020-06-18,827.4842529296875
2020-06-19,828.9147338867188
2020-06-22,837.451171875
2020-06-23,892.9612426757812
2020-06-24,881.8407592773438
2020-06-25,870.3511352539062
2020-06-26,887.9778442382812
2020-06-29,864.3526000976562
2020-06-30,870.8588256835938
2020-07-01,853.0013427734375
2020-07-02,868.6900634765625
2020-07-03,871.4125366210938
2020-07-06,877.8263549804688
2020-07-07,870.8126220703125
2020-07-08,868.6438598632812
2020-07-09,872.0584716796875
2020-07-10,860.2459106445312
2020-07-13,856.554443359375
2020-07-14,842.4808349609375
2020-07-15,841.8348388671875
2020-07-16,850.0944213867188
2020-07-17,854.1549682617188
2020-07-20,848.6638793945312
2020-07-21,865.690673828125
2020-07-22,849.8637084960938
2020-07-23,845.8492431640625
2020-07-24,834.636474609375
2020-07-27,834.0827026367188
2020-07-28,843.034423828125
2020-07-29,850.8326416015625
2020-07-30,838.1893920898438
2020-07-31,842.9883422851562
2020-08-03,845.2493896484375
2020-08-04,852.955322265625
2020-08-05,861.799072265625
2020-08-06,858.44775390625
2020-08-07,852.3967895507812
2020-08-10,893.7295532226562
2020-08-11,895.4517211914062
2020-08-12,884.1410522460938
2020-08-13,922.2622680664062
2020-08-14,914.907958984375
2020-08-17,931.6644897460938
2020-08-18,935.1554565429688
2020-08-19,939.39111328125
2020-08-20,926.96337890625
2020-08-21,925.4739379882812
2020-08-24,922.8673095703125
2020-08-25,912.6737060546875
2020-08-26,902.0147094726562
2020-08-27,908.205322265625
2020-08-28,914.0235595703125
2020-08-31,879.6726684570312
2020-09-01,889.2146606445312
2020-09-02,889.5404052734375
2020-09-03,894.7535400390625
2020-09-04,877.3919067382812
2020-09-07,867.7568969726562
2020-09-08,853.3741455078125
2020-09-09,846.6715698242188
2020-09-10,857.3305053710938
2020-09-11,854.02587890625
2020-09-14,839.7827758789062
2020-09-15,847.0904541015625
2020-09-16,858.1218872070312
2020-09-17,843.692626953125
2020-09-18,838.4794311523438
2020-09-21,820.9315795898438
2020-09-22,797.3328247070312
2020-09-23,801.1495971679688
2020-09-24,791.9335327148438
2020-09-25,827.8203735351562
2020-09-28,840.48095703125
2020-09-29,833.592041015625
2020-09-30,839.3172607421875
2020-10-01,840.4343872070312
2020-10-05,834.988525390625
2020-10-06,830.93896484375
2020-10-07,826.5636596679688
2020-10-08,820.1868896484375
2020-10-09,845.694091796875
2020-10-12,843.1806640625
2020-10-13,834.5231323242188
2020-10-14,851.977783203125
2020-10-15,827.4015502929688
2020-10-16,832.3352661132812
2020-10-19,840.5274658203125
2020-10-20,853.9326782226562
2020-10-21,860.5888061523438
2020-10-22,871.6202392578125
2020-10-23,876.2283325195312
2020-10-26,886.0029296875
2020-10-27,914.1167602539062
2020-10-28,914.95458984375
2020-10-29,869.9445190429688
2020-10-30,865.2899780273438
2020-11-02,865.103759765625
2020-11-03,882.2791748046875
2020-11-04,891.863525390625
2020-11-05,909.1817016601562
2020-11-06,911.6964721679688
2020-11-09,916.5360107421875
2020-11-10,980.9218139648438
2020-11-11,1005.35693359375
2020-11-12,1018.4049682617188
2020-11-13,997.81298828125
2020-11-14,1005.1198120117188
2020-11-17,1025.7119140625
2020-11-18,1089.5283203125
2020-11-19,1076.3380126953125
2020-11-20,1074.4874267578125
2020-11-23,1068.3668212890625
2020-11-24,1077.524169921875
2020-11-25,1059.019775390625
2020-11-26,1061.7242431640625
2020-11-27,1065.0928955078125
2020-12-01,1058.9722900390625
2020-12-02,1056.8846435546875
2020-12-03,1067.70263671875
2020-12-04,1090.8092041015625
2020-12-07,1109.97802734375
2020-12-08,1111.5911865234375
2020-12-09,1120.7010498046875
2020-12-10,1129.57373046875
2020-12-11,1133.3221435546875
2020-12-14,1185.845947265625
2020-12-15,1182.6195068359375
2020-12-16,1203.4962158203125
2020-12-17,1213.5076904296875
2020-12-18,1216.1173095703125
2020-12-21,1171.8013916015625
2020-12-22,1198.2296142578125
2020-12-23,1200.222412109375
2020-12-24,1197.755126953125
2020-12-28,1223.56640625
2020-12-29,1219.2486572265625
2020-12-30,1226.0811767578125
2020-12-31,1221.8582763671875
2021-01-01,1230.7783203125
2021-01-04,1247.479736328125
2021-01-05,1239.6036376953125
2021-01-06,1246.910400390625
2021-01-07,1270.58642578125
2021-01-08,1303.2777099609375
2021-01-11,1281.0723876953125
2021-01-12,1280.8826904296875
2021-01-13,1283.4447021484375
2021-01-14,1306.314208984375
2021-01-15,1285.0103759765625
2021-01-18,1267.8345947265625
2021-01-19,1299.9088134765625
2021-01-20,1312.05517578125
2021-01-21,1301.284912109375
2021-01-22,1292.554443359375
2021-01-25,1291.79541015625
2021-01-27,1290.4193115234375
2021-01-28,1276.6597900390625
2021-01-29,1266.553466796875
2021-02-01,1374.875244140625
2021-02-02,1442.582275390625
2021-02-03,1450.506103515625
2021-02-04,1451.6922607421875
2021-02-05,1439.071044921875
2021-02-08,1472.5689697265625
2021-02-09,1486.470947265625
2021-02-10,1473.565185546875
2021-02-11,1452.3565673828125
2021-02-12,1443.673583984375
2021-02-15,1459.1414794921875
2021-02-16,1470.3388671875
2021-02-17,1469.295166015625
2021-02-18,1446.7576904296875
2021-02-19,1431.7645263671875
2021-02-22,1378.05419921875
2021-02-23,1410.413330078125
2021-02-24,1448.6556396484375
2021-02-25,1429.534423828125
2021-02-26,1368.8494873046875
2021-03-01,1397.64990234375
2021-03-02,1409.79638671875
2021-03-03,1420.4720458984375
2021-03-04,1387.9232177734375
2021-03-05,1388.82470703125
2021-03-08,1437.837646484375
2021-03-09,1431.2899169921875
2021-03-10,1446.378173828125
2021-03-12,1436.698974609375
2021-03-15,1407.993408203125
2021-03-16,1387.1641845703125
2021-03-17,1364.2471923828125
2021-03-18,1355.1846923828125
2021-03-19,1339.195068359375
2021-03-22,1328.56689453125
2021-03-23,1332.647216796875
2021-03-24,1299.2445068359375
2021-03-25,1301.0950927734375
2021-03-26,1326.9063720703125
2021-03-30,1350.8670654296875
2021-03-31,1346.454345703125
2021-04-01,1370.84228515625
2021-04-05,1332.12548828125
2021-04-06,1329.4683837890625
2021-04-07,1332.4576416015625
2021-04-08,1346.6917724609375
2021-04-09,1332.41015625
2021-04-12,1276.469970703125
2021-04-13,1303.5621337890625
2021-04-15,1304.4637451171875
2021-04-16,1289.7552490234375
2021-04-19,1243.5416259765625
2021-04-20,1263.5169677734375
2021-04-22,1268.5462646484375
2021-04-23,1255.3560791015625
2021-04-26,1267.692138671875
2021-04-27,1310.157470703125
2021-04-28,1305.6500244140625
2021-04-29,1289.28076171875
2021-04-30,1272.0098876953125
2021-05-03,1273.9552001953125
2021-05-04,1269.305419921875
2021-05-05,1270.3017578125
2021-05-06,1271.488037109375
2021-05-07,1274.14501953125
2021-05-10,1323.7747802734375
2021-05-11,1312.956787109375
2021-05-12,1314.570068359375
2021-05-14,1343.2281494140625
2021-05-17,1315.94580078125
2021-05-18,1344.9361572265625
2021-05-19,1331.793212890625
2021-05-20,1337.7716064453125
2021-05-21,1345.64794921875
2021-05-24,1369.5611572265625
2021-05-25,1376.8680419921875
2021-05-26,1397.6973876953125
2021-05-27,1407.1392822265625
2021-05-28,1402.6317138671875
2021-05-31,1392.7628173828125
2021-06-01,1399.3580322265625
2021-06-02,1395.9417724609375
2021-06-03,1433.7095947265625
2021-06-04,1459.0465087890625
2021-06-07,1478.2625732421875
2021-06-08,1470.05419921875
2021-06-09,1441.728271484375
2021-06-10,1442.1077880859375
2021-06-11,1426.6875
2021-06-14,1438.3597412109375
2021-06-15,1433.6622314453125
2021-06-16,1414.7783203125
2021-06-17,1411.5992431640625
2021-06-18,1400.63916015625
2021-06-21,1392.1461181640625
2021-06-22,1422.6544189453125
2021-06-23,1403.7230224609375
2021-06-24,1427.2568359375
2021-06-25,1446.0458984375
2021-06-28,1437.125732421875
2021-06-29,1433.757080078125
2021-06-30,1423.9356689453125
2021-07-01,1416.10693359375
2021-07-02,1409.79638671875
2021-07-05,1430.9576416015625
2021-07-06,1428.6328125
2021-07-07,1439.023681640625
2021-07-08,1424.0780029296875
2021-07-09,1423.0340576171875
2021-07-12,1424.12548828125
2021-07-13,1436.3193359375
2021-07-14,1465.831298828125
2021-07-15,1527.180419921875
2021-07-16,1536.1005859375
2021-07-19,1527.417724609375
2021-07-20,1509.1505126953125
2021-07-22,1558.3057861328125
2021-07-23,1529.4581298828125
2021-07-26,1516.0303955078125
2021-07-27,1526.13671875
2021-07-28,1529.9273681640625
2021-07-29,1531.65478515625
2021-07-30,1536.885009765625
2021-08-02,1548.881103515625
2021-08-03,1568.4586181640625
2021-08-04,1557.7581787109375
2021-08-05,1561.7889404296875
2021-08-06,1545.4261474609375
2021-08-09,1533.0462646484375
2021-08-10,1524.4090576171875
2021-08-11,1519.4669189453125
2021-08-12,1557.9981689453125
2021-08-13,1601.135986328125
2021-08-16,1589.331787109375
2021-08-17,1572.681396484375
2021-08-18,1567.01904296875
2021-08-20,1529.3515625
2021-08-23,1517.019775390625
2021-08-24,1541.0596923828125
2021-08-25,1529.5435791015625
2021-08-26,1531.4150390625
2021-08-27,1572.0574951171875
2021-08-30,1593.1705322265625
2021-08-31,1604.7825927734375
2021-09-01,1618.4102783203125
2021-09-02,1618.21826171875
2021-09-03,1623.3045654296875
2021-09-06,1625.8956298828125
2021-09-07,1613.8995361328125
2021-09-08,1599.360595703125
2021-09-09,1602.719482421875
2021-09-13,1604.3028564453125
2021-09-14,1628.054931640625
2021-09-15,1647.7764892578125
2021-09-16,1651.8551025390625
2021-09-17,1647.0087890625
2021-09-20,1635.636474609375
2021-09-21,1651.519287109375
2021-09-22,1641.9224853515625
2021-09-23,1698.3516845703125
2021-09-24,1697.440185546875
2021-09-27,1669.46533203125
2021-09-28,1667.1141357421875
2021-09-29,1651.6153564453125
2021-09-30,1634.29296875
2021-10-01,1628.4869384765625
2021-10-04,1646.096923828125
2021-10-05,1647.4886474609375
2021-10-06,1626.7115478515625
2021-10-07,1643.409912109375
2021-10-08,1657.27734375
2021-10-11,1647.6805419921875
2021-10-12,1648.9281005859375
2021-10-13,1681.4134521484375
2021-10-14,1717.16162109375
2021-10-18,1716.345947265625
2021-10-19,1771.623779296875
2021-10-20,1733.860107421875
2021-10-21,1732.948486328125
2021-10-22,1719.99267578125
2021-10-25,1712.2193603515625
2021-10-26,1723.8314208984375
2021-10-27,1712.603271484375
2021-10-28,1741.1058349609375
2021-10-29,1695.4248046875
2021-11-01,1722.9676513671875
2021-11-02,1742.449462890625
2021-11-03,1813.3218994140625
2021-11-04,1831.98779296875
2021-11-08,1846.9588623046875
2021-11-09,1865.2408447265625
2021-11-10,1871.5267333984375
2021-11-11,1853.8204345703125
2021-11-12,1880.931640625
2021-11-15,1868.5517578125
2021-11-16,1876.4691162109375
2021-11-17,1874.1658935546875
2021-11-18,1820.5194091796875
2021-11-22,1789.329833984375
2021-11-23,1810.2989501953125
2021-11-24,1787.4105224609375
2021-11-25,1775.3184814453125
2021-11-26,1706.4613037109375
2021-11-29,1696.0006103515625
2021-11-30,1693.6015625
2021-12-01,1713.99462890625
2021-12-02,1717.065673828125
2021-12-03,1728.6300048828125
2021-12-06,1710.77978515625
2021-12-07,1725.6068115234375
2021-12-08,1751.4703369140625
2021-12-09,1804.0130615234375
2021-12-10,1797.87109375
2021-12-13,1786.45068359375
2021-12-14,1790.4814453125
2021-12-15,1804.97265625
2021-12-16,1798.350830078125
2021-12-17,1772.63134765625
2021-12-20,1726.8065185546875
2021-12-21,1753.8695068359375
2021-12-22,1795.5677490234375
2021-12-23,1802.717529296875
2021-12-24,1784.435546875
2021-12-27,1790.96142578125
2021-12-28,1822.9188232421875
2021-12-29,1818.4560546875
2021-12-30,1809.6751708984375
2021-12-31,1819.4639892578125
2022-01-03,1845.327392578125
2022-01-04,1859.434814453125
2022-01-05,1870.0391845703125
2022-01-06,1846.910888671875
2022-01-07,1828.10107421875
2022-01-10,1874.3577880859375
2022-01-11,1882.083251953125
2022-01-12,1894.6070556640625
2022-01-13,1937.025146484375
2022-01-14,1962.312744140625
2022-01-17,1985.9688720703125
2022-01-18,1940.671875
2022-01-19,1939.42431640625
2022-01-20,1922.7259521484375
2022-01-21,1877.18896484375
2022-01-24,1823.3026123046875
2022-01-25,1847.6785888671875
2022-01-27,1833.8111572265625
2022-01-28,1821.0474853515625
2022-01-31,1832.2275390625
2022-02-01,1910.25
2022-02-02,1902.7642822265625
2022-02-03,1855.69189453125
2022-02-04,1869.41552734375
2022-02-07,1808.5235595703125
2022-02-08,1799.9822998046875
2022-02-09,1812.650146484375
2022-02-10,1824.3582763671875
2022-02-11,1795.8077392578125
2022-02-14,1726.4705810546875
2022-02-15,1800.4141845703125
2022-02-16,1785.68310546875
2022-02-17,1793.3604736328125
2022-02-18,1807.179931640625
2022-02-21,1788.802001953125
2022-02-22,1770.088134765625
2022-02-23,1746.911865234375
2022-02-24,1686.4996337890625
2022-02-25,1705.405517578125
2022-02-28,1743.5050048828125
2022-03-02,1712.55517578125
2022-03-03,1681.6534423828125
2022-03-04,1642.7381591796875
2022-03-07,1568.5546875
2022-03-08,1591.63525390625
2022-03-09,1622.7767333984375
2022-03-10,1658.52490234375
2022-03-11,1658.956787109375
2022-03-14,1676.3271484375
2022-03-15,1673.1602783203125
2022-03-16,1685.39599609375
2022-03-17,1715.8182373046875
2022-03-21,1685.4921875
2022-03-22,1702.5264892578125
2022-03-23,1696.0006103515625
2022-03-24,1700.12744140625
2022-03-25,1680.501708984375
2022-03-28,1671.384765625
2022-03-29,1676.231201171875
2022-03-30,1702.0946044921875
2022-03-31,1696.3843994140625
2022-04-01,1717.9293212890625
2022-04-04,1752.7177734375
2022-04-05,1762.02685546875
2022-04-06,1778.1016845703125
2022-04-07,1752.6700439453125
2022-04-08,1756.940673828125
2022-04-11,1709.6761474609375
2022-04-12,1677.2388916015625
2022-04-13,1689.8106689453125
2022-04-18,1668.2657470703125
2022-04-19,1636.9801025390625
2022-04-20,1623.4005126953125
2022-04-21,1645.3773193359375
2022-04-22,1626.039794921875
2022-04-25,1590.531494140625
2022-04-26,1631.4139404296875
2022-04-27,1609.4371337890625
2022-04-28,1649.935791015625
2022-04-29,1626.039794921875
2022-05-02,1611.740478515625
2022-05-04,1568.0748291015625
2022-05-05,1571.6256103515625
2022-05-06,1557.038330078125
2022-05-09,1550.9925537109375
2022-05-10,1543.123046875
2022-05-11,1507.470703125
2022-05-12,1464.6209716796875
2022-05-13,1472.63427734375
2022-05-16,1480.6956787109375
2022-05-17,1539.42822265625
2022-05-18,1509.1021728515625
2022-05-19,1485.5421142578125
2022-05-20,1545.1864013671875
2022-05-23,1577.8636474609375
2022-05-24,1560.7333984375
2022-05-25,1511.2615966796875
2022-05-26,1501.472900390625
2022-05-27,1535.781494140625
2022-05-30,1593.8902587890625
2022-05-31,1587.7962646484375
2022-06-01,1581.558349609375
2022-06-02,1571.1458740234375
2022-06-03,1585.445068359375
2022-06-06,1574.07275390625
2022-06-07,1525.368896484375
2022-06-08,1520.66650390625
2022-06-09,1530.791259765625
2022-06-10,1521.1942138671875
2022-06-13,1470.2830810546875
2022-06-14,1482.375244140625
2022-06-15,1497.442138671875
2022-06-16,1465.8206787109375
2022-06-17,1429.88037109375
2022-06-20,1412.4622802734375
2022-06-21,1439.8131103515625
2022-06-22,1419.1319580078125
2022-06-23,1434.0550537109375
2022-06-24,1434.5828857421875
2022-06-27,1473.8819580078125
2022-06-28,1488.948974609375
2022-06-29,1485.494140625
2022-06-30,1495.4268798828125
2022-07-01,1508.766357421875
2022-07-04,1517.931396484375
2022-07-05,1501.8087158203125
2022-07-06,1493.4114990234375
2022-07-07,1546.14599609375
2022-07-08,1619.4178466796875
2022-07-11,1595.95361328125
2022-07-12,1587.0765380859375
2022-07-13,1580.838623046875
2022-07-14,1579.7830810546875
2022-07-15,1616.9227294921875
2022-07-18,1657.9971923828125
2022-07-19,1660.060546875
2022-07-20,1669.80126953125
2022-07-21,1715.6785888671875
2022-07-22,1718.20556640625
2022-07-25,1732.4935302734375
2022-07-26,1702.1680908203125
2022-07-27,1746.295654296875
2022-07-28,1750.7667236328125
2022-07-29,1757.3760986328125
2022-08-01,1763.839599609375
2022-08-02,1742.79638671875
2022-08-03,1739.6376953125
2022-08-04,1730.20947265625
2022-08-05,1737.3533935546875
2022-08-08,1778.37060546875
2022-08-10,1803.156005859375
2022-08-11,1814.8197021484375
2022-08-12,1794.6998291015625
2022-08-16,1797.0811767578125
2022-08-17,1803.6904296875
2022-08-18,1841.4517822265625
2022-08-19,1881.7886962890625
2022-08-22,1827.9412841796875
2022-08-23,1824.4423828125
2022-08-24,1840.285400390625
2022-08-25,1825.2684326171875
2022-08-26,1851.9976806640625
2022-08-29,1828.767578125
2022-08-30,1868.618408203125
2022-09-01,1859.3360595703125
2022-09-02,1886.1138916015625
2022-09-05,1913.183349609375
2022-09-06,1907.302978515625
2022-09-07,1903.2205810546875
2022-09-08,1919.0638427734375
2022-09-09,1895.1046142578125
2022-09-12,1906.9141845703125
2022-09-13,1935.5386962890625
2022-09-14,1899.138427734375
2022-09-15,1902.637451171875
2022-09-16,1866.1884765625
2022-09-19,1857.1490478515625
2022-09-20,1878.532470703125
2022-09-21,1842.5208740234375
2022-09-22,1835.2796630859375
2022-09-23,1804.808349609375
2022-09-26,1799.5596923828125
2022-09-27,1789.5970458984375
2022-09-28,1784.008056640625
2022-09-29,1764.6171875
2022-09-30,1795.914794921875
2022-10-03,1768.310791015625
2022-10-04,1819.096435546875
2022-10-06,1859.3360595703125
2022-10-07,1870.6109619140625
2022-10-10,1856.1285400390625
2022-10-11,1826.2889404296875
2022-10-12,1857.6837158203125
2022-10-13,1823.5675048828125
2022-10-14,1858.02392578125
2022-10-17,1830.4197998046875
2022-10-18,1864.3416748046875
2022-10-19,1851.5115966796875
2022-10-20,1850.7825927734375
2022-10-21,1824.150634765625
2022-10-24,1856.2257080078125
2022-10-25,1894.472900390625
2022-10-27,1909.00390625
2022-10-28,1919.6956787109375
2022-10-31,1966.39892578125
2022-11-01,1967.7110595703125
2022-11-02,1956.8736572265625
2022-11-03,1952.40234375
2022-11-04,1958.623046875
2022-11-07,1961.1016845703125
2022-11-09,1947.3482666015625
2022-11-10,1922.22265625
2022-11-11,1954.7352294921875
2022-11-14,1943.751953125
2022-11-15,1940.5931396484375
2022-11-16,1947.4454345703125
2022-11-17,1972.6680908203125
2022-11-18,1967.7110595703125
2022-11-21,1955.0753173828125
2022-11-22,1972.9111328125
2022-11-23,1968.24560546875
2022-11-24,1994.683349609375
2022-11-25,2004.9376220703125
2022-11-28,2006.5899658203125
2022-11-29,1993.07958984375
2022-11-30,2016.698486328125
2022-12-01,2045.2744140625
2022-12-02,2027.0498046875
2022-12-05,2027.1473388671875
2022-12-06,2034.8258056640625
2022-12-07,2064.470947265625
2022-12-08,2106.9462890625
2022-12-09,2093.6787109375
2022-12-12,2103.05810546875
2022-12-13,2112.000244140625
2022-12-14,2133.91845703125
2022-12-15,2116.520263671875
2022-12-16,2114.04150390625
2022-12-19,2122.78955078125
2022-12-20,2102.620849609375
2022-12-21,2086.14599609375
2022-12-22,2050.81494140625
2022-12-23,2004.9376220703125
2022-12-26,2032.444580078125
2022-12-27,2064.568359375
2022-12-28,2061.65234375
2022-12-29,2051.738037109375
2022-12-30,2027.341796875
2023-01-02,2030.88916015625
2023-01-03,2030.4034423828125
2023-01-04,2012.51904296875
2023-01-05,2028.8482666015625
2023-01-06,2028.0706787109375
2023-01-09,2062.2353515625
2023-01-10,2047.607177734375
2023-01-11,2065.783203125
2023-01-12,2099.218994140625
2023-01-13,2093.047119140625
2023-01-16,2077.301025390625
2023-01-17,2151.073974609375
2023-01-18,2202.97705078125
2023-01-19,2209.392333984375
2023-01-20,2186.89111328125
2023-01-23,2170.902099609375
2023-01-24,2145.630859375
2023-01-25,2113.75
2023-01-27,2099.316162109375
2023-01-30,2053.681884765625
2023-01-31,2064.859619140625
2023-02-01,2085.4169921875
2023-02-02,2084.78515625
2023-02-03,2105.82861328125
2023-02-06,2095.67138671875
2023-02-07,2104.61328125
2023-02-08,2071.129150390625
2023-02-09,2087.215087890625
2023-02-10,2103.204345703125
2023-02-13,2141.54833984375
2023-02-14,2130.224853515625
2023-02-15,2114.09033203125
2023-02-16,2117.2490234375
2023-02-17,2163.95263671875
2023-02-20,2163.126220703125
2023-02-21,2166.965576171875
2023-02-22,2133.238037109375
2023-02-23,2098.635986328125
2023-02-24,2074.2392578125
2023-02-27,2054.45947265625
2023-02-28,2050.037353515625
2023-03-01,2056.014892578125
2023-03-02,2062.138427734375
2023-03-03,2091.73486328125
2023-03-06,2081.14013671875
2023-03-08,2109.95947265625
2023-03-09,2131.7314453125
2023-03-10,2097.372314453125
2023-03-13,2074.044921875
2023-03-14,2084.10498046875
2023-03-15,2115.645263671875
2023-03-16,2112.68115234375
2023-03-17,2134.2099609375
2023-03-20,2116.520263671875
2023-03-21,2146.55419921875
2023-03-22,2151.89990234375
2023-03-23,2144.804443359375
2023-03-24,2105.439697265625
2023-03-27,2093.630126953125
2023-03-28,2073.802001953125
2023-03-29,2087.263671875
2023-03-31,2103.54443359375
2023-04-03,2109.32763671875
2023-04-05,2194.472412109375
2023-04-06,2210.510009765625
2023-04-10,2244.96630859375
2023-04-11,2236.996337890625
2023-04-12,2224.360595703125
2023-04-13,2195.4443359375
2023-04-17,2151.948486328125
2023-04-18,2154.475830078125
2023-04-19,2157.3916015625
2023-04-20,2170.1728515625
2023-04-21,2153.114990234375
2023-04-24,2166.430908203125
2023-04-25,2184.947265625
2023-04-26,2212.3564453125
2023-04-27,2240.9814453125
2023-04-28,2298.13330078125
2023-05-02,2317.621337890625
2023-05-03,2290.260498046875
2023-05-04,2290.84326171875
2023-05-05,2310.8662109375
2023-05-08,2299.105224609375
2023-05-09,2307.804443359375
2023-05-10,2298.181884765625
2023-05-11,2179.3095703125
2023-05-12,2158.849609375
2023-05-15,2183.8779296875
2023-05-16,2164.778564453125
2023-05-17,2157.3916015625
2023-05-18,2126.87158203125
2023-05-19,2128.669921875
2023-05-22,2154.475830078125
2023-05-23,2136.056884765625
2023-05-24,2123.9072265625
2023-05-25,2142.9091796875
2023-05-26,2156.273681640625
2023-05-29,2162.202880859375
2023-05-30,2148.83837890625
2023-05-31,2143.83251953125
2023-06-01,2145.92236328125
2023-06-02,2171.922607421875
2023-06-05,2204.726806640625
2023-06-06,2214.106201171875
2023-06-07,2250.60400390625
2023-06-08,2274.708984375
2023-06-09,2296.7724609375
2023-06-12,2274.36865234375
2023-06-13,2288.413330078125
2023-06-14,2289.045654296875
2023-06-15,2295.120361328125
2023-06-16,2300.466064453125
2023-06-19,2300.02880859375
2023-06-20,2315.240234375
2023-06-21,2327.341064453125
2023-06-22,2348.530029296875
2023-06-23,2322.57861328125
2023-06-26,2310.9150390625
2023-06-27,2321.12060546875
2023-06-28,2353.58447265625
2023-06-30,2406.168212890625
2023-07-03,2385.27099609375
2023-07-04,2392.852294921875
2023-07-05,2401.55126953125
2023-07-06,2418.8525390625
2023-07-07,2380.70263671875
2023-07-10,2370.399658203125
2023-07-11,2405.1962890625
2023-07-12,2386.1455078125
2023-07-13,2381.47998046875
2023-07-14,2402.960693359375
2023-07-17,2399.607421875
2023-07-18,2405.341796875
2023-07-19,2424.246826171875
2023-07-20,2419.921630859375
2023-07-21,2513.765625
2023-07-24,2532.233154296875
2023-07-25,2489.1259765625
2023-07-26,2572.083984375
2023-07-27,2585.642822265625
2023-07-28,2575.29150390625
2023-07-31,2606.200439453125
2023-08-01,2591.912109375
2023-08-02,2577.658203125
2023-08-03,2554.016357421875
2023-08-04,2582.32763671875
2023-08-07,2591.1748046875
2023-08-08,2587.53759765625
2023-08-09,2606.608642578125
2023-08-10,2598.64599609375
2023-08-11,2593.73095703125
2023-08-14,2614.767578125
2023-08-16,2645.38916015625
2023-08-17,2607.493408203125
2023-08-18,2597.1220703125
2023-08-21,2617.077880859375
2023-08-22,2633.34716796875
2023-08-23,2671.48876953125
2023-08-24,2642.538330078125
2023-08-25,2593.632568359375
2023-08-28,2649.6162109375
2023-08-29,2672.815673828125
2023-08-30,2663.03466796875
2023-08-31,2656.841552734375
2023-09-01,2656.251953125
2023-09-04,2665.09912109375
2023-09-05,2686.578125
2023-09-06,2684.12060546875
2023-09-07,2798.10302734375
2023-09-08,2852.36669921875
2023-09-11,2845.092041015625
2023-09-12,2894.145751953125
2023-09-13,2857.42919921875
2023-09-14,2869.078369140625
2023-09-15,2859.19873046875
2023-09-18,2870.30712890625
2023-09-20,2840.96337890625
2023-09-21,2850.15478515625
2023-09-22,2868.97998046875
2023-09-25,2853.25146484375
2023-09-26,2863.130859375
2023-09-27,2914.740234375
2023-09-28,2958.927490234375
2023-09-29,2972.24755859375
2023-10-03,3021.104248046875
2023-10-04,2976.376220703125
2023-10-05,3043.517333984375
2023-10-06,3041.207275390625
2023-10-09,3022.529541015625
2023-10-10,3023.8076171875
2023-10-11,3036.2919921875
2023-10-12,3029.4599609375
2023-10-13,3037.177001953125
2023-10-16,3049.267822265625
2023-10-17,3014.272216796875
2023-10-18,2993.92333984375
2023-10-19,3002.573974609375
2023-10-20,2961.23779296875
2023-10-23,2908.1044921875
2023-10-25,2866.62060546875
2023-10-26,2815.99462890625
2023-10-27,2852.66162109375
2023-10-30,2876.697021484375
2023-10-31,2879.350830078125
2023-11-01,2846.173583984375
2023-11-02,2868.5869140625
2023-11-03,2861.85302734375
2023-11-06,2924.963623046875
2023-11-07,2911.0537109375
2023-11-08,2945.607177734375
2023-11-09,2973.525634765625
2023-11-10,2981.782958984375
2023-11-13,2996.77392578125
2023-11-15,3012.945068359375
2023-11-16,2999.379150390625
2023-11-17,3056.24755859375
2023-11-20,3036.390380859375
2023-11-21,3022.677001953125
2023-11-22,3030.000732421875
2023-11-23,2993.972412109375
2023-11-24,3002.426513671875
2023-11-28,2998.248779296875
2023-11-29,3031.426025390625
2023-11-30,3056.444091796875
2023-12-01,3136.511962890625
2023-12-04,3257.326904296875
2023-12-05,3259.194580078125
2023-12-06,3334.74072265625
2023-12-07,3298.663330078125
2023-12-08,3321.125732421875
2023-12-11,3328.350830078125
2023-12-12,3285.687255859375
2023-12-13,3342.113525390625
2023-12-14,3374.848388671875
2023-12-15,3428.816650390625
2023-12-18,3432.355712890625
2023-12-19,3439.5810546875
2023-12-20,3360.49609375
2023-12-21,3366.050048828125
2023-12-22,3418.9375
2023-12-26,3430.832275390625
2023-12-27,3483.86669921875
2023-12-28,3458.35693359375
2023-12-29,3466.172119140625
